datetime,subreddits,submission_id,comments,date,ticker,relevant,sentiment
2024-10-31 14:29:43,news,1ggejvj,"Clear evidence of Russian propaganda campaigns and disinformation troll farms in 2016 and again 2020. Recently revealed that Musk and Trump have been in contact with Putin for at least two years.

And now we have the enemy within with musk posting, funding and amplifying false information, propaganda and disinformation. As well as funding illegal voter lotteries.

Russia
Russia
Russia",2024-10-31,TSLA,True,-1
2024-10-15 14:29:47,news,1g46ivx,"Major defense contractors like Boeing have rich investors that politicians listen to, so Boeing is probably still YEARS away from any major reckoning for all the huge mistakes its execs have made in recent years. This means we'll likely start seeing huge fails in our military equipment and readiness related to Boeing too, pretty soon.",2024-10-15,BA,True,-2
2024-05-24 16:24:48,news,1czlzpe,"At least Delta only breaks guitars, American Airlines enables pedos.


Vote with your wallet.  Don't fly American Airlines, and never fly in a Boeing.",2024-05-24,BA,True,-1
2024-07-20 18:33:20,news,1e7znx7,"From the article:
Security experts said CrowdStrike’s routine update of its widely used cybersecurity software, which caused clients’ computer systems to crash globally on Friday, apparently did not undergo adequate quality checks before it was deployed.

The latest version of its Falcon Sensor software was meant make CrowdStrike clients’ systems more secure against hacking by updating the threats it defends against. But faulty code in the update files resulted in one of the most widespread tech outages in recent years for companies using Microsoft’s Windows operating system.

Sounds like they're following Boeing's Playlist..",2024-07-20,CRWD,True,-1
2024-12-05 16:19:37,news,1h7biup,"Oh shit, the UnitedHealthcare CEO was gunned down? As someone with UH, I didn't expect to hear good news today.",2024-12-05,UNH,True,-2
2024-08-20 19:21:31,news,1ex1faa,"Fuck this ""supercommuting.""
Fuck Starbucks.
And fuck their new CEO.
Next.",2024-08-20,SBUX,True,-2
2024-08-03 03:03:17,news,1eiqjbh,Why? I for one love paying $7 for a bag of Doritos and $10 for a fucking DiGiorno pizza.,2024-08-03,COST,True,-1
2025-01-12 17:53:43,news,1hzqzfq,Totally legal in Musks America,2025-01-12,TSLA,True,1
2024-04-21 00:35:44,news,1c92ja7,Fucking idiots getting worked up over fast food - fucking McDonald’s no less.,2024-04-21,MCD,True,-2
2024-01-30 19:50:09,news,1aevzyf,I remember reading about Exxon’s reports and finding back in college… decades ago. Their models have performed very well too with far more accuracy than expected.,2024-01-30,XOM,True,2
2024-02-20 01:19:57,news,1av3jt4,Discover went to bat for me over a bad ebay transaction.,2024-02-20,EBAY,True,-1
2024-05-31 20:13:05,news,1d5279y,"Thanks for letting us know what they said, CBS.

- *If someone says it’s raining, and another person says it’s dry, it’s not your job to quote them both. Your job is to look out the fucking window and find out which is true*",2024-05-31,CBS,True,0
2024-02-28 16:21:59,news,1b28k2b,"“Bad actor says they weren’t planning to do bad things”

I still think Wendys and I are done for the foreseeable future.",2024-02-28,WEN,True,-2
2024-07-20 15:43:21,news,1e7vy2v,Crowdstrike won't install on Win 95 so they were good.,2024-07-20,CRWD,True,1
2024-06-27 13:46:29,news,1dppawb,"Didn't I just read that Rite-Aid was closing all of its stores and transferring the prescriptions over to Walgreens?

(yep, I did...closing all the stores in Michigan)",2024-06-27,RAD,True,0
2024-08-27 00:27:41,news,1f215z5,"Nothing will change, shit like this will continue to happen. As for Chipotle, people will still buy their overpriced burritos.",2024-08-27,CMG,True,-2
2024-07-26 15:49:53,news,1ecoks1,"I used to love chipotle and would go somewhat frequently. I no longer go at all. I don’t mind paying a premium for quality, but the portions got smaller and smaller every time I went. Now I go to CAVA, which I call the Mediterranean equivalent to Chipotle. Better tasting, similar pricing, better portions, healthier.",2024-07-26,CMG,True,-1
2024-08-21 00:14:18,news,1ex8ozi,Been thinking about buying a bike. Guess I’ll scratch Harley off the list of possibly manufacturers. Wouldn’t want to support a brand that caves to the alt reich.,2024-08-21,HOG,True,0
2024-08-02 02:26:23,news,1ehwe6d,So maybe recycling the same bad architecture for a decade while AMD ate your lunch wasn’t the best strategy after all?,2024-08-02,AMD,True,-1
2024-07-31 23:12:46,news,1egylk0,"There’s got to be a tech related way to stop this forever. If I leave my air pods in the car, my phone immediately tells me. Put an AirTag on the kid? Or invent a car seat that plays a sound when the car turns off. Idk. This seems really fucking ridiculous that we can’t solve this.",2024-07-31,AAPL,True,-2
2025-01-20 22:39:06,news,1i61w2n,Wonder if Costco didn’t kiss the ring. I guess they should have gotten rid of dei?,2025-01-20,COST,True,0
2024-07-29 18:18:40,news,1ef3nxa,McDonald's is dropping the value customers.,2024-07-29,MCD,True,-2
2024-12-05 16:19:37,news,1h7biup,"Earlier this year a 20 something year old came in to my hospital after a horrible motorcycle crash. He was paralyzed from a severe lumbar body fracture. He got a big spine surgery and after several months of rehab can now walk again. 4 months after the surgery, united healthcare denied his claim for surgery because he didn’t try conservative options like a brace or a chiropractor first. We are still trying to get his appeal through. Fuck United Heslthcare. I hope the life insurance policy for this guy is delay, deny, defending",2024-12-05,UNH,True,-2
2024-07-30 21:33:07,news,1eg2e5y,Good on them.  Disney is making billions the  least they can do is pay their employees fairly.,2024-07-30,DIS,True,1
2025-01-24 02:57:36,news,1i8kfsr,I didn’t think it was possible to love Costco any more than I already do!,2025-01-24,COST,True,2
2024-08-27 15:55:28,news,1f2hocq,"**EDITED TO ADD: Their headquarters is in Denmark and: ""Novo Nordisk, a Danish drugmaker, has manufacturing sites in nine countries, including the United States, Denmark, Brazil, China, France, Algeria, Iran, Japan, and Russia""**

""Novo Nordisk's CEO spoke ahead of a Senate committee hearing next month, when he is scheduled to testify about the U.S. pricing of the diabetes and weight loss drugs.""

""Sen. Bernie Sanders, I-Vt., chair of the Health, Education, Labor and Pensions Committee, told NBC News in June that he plans to ask Jørgensen why Novo Nordisk charges up to 10 to 15 times more for Ozempic and Wegovy in the U.S. than it does in other countries. It charges around **$1,300 a month for Wegovy in the U.S.**, according to a HELP Committee report, **while the drug can be purchased for $186 a month in Denmark, $137 in Germany and $92 in the United Kingdom**. “It is clear that Novo Nordisk is ripping off the American people,” Sanders said.""

[**From another article:**](https://www.cnbc.com/2024/04/24/senate-launches-investigation-into-high-prices-of-ozempic-and-wegovy-in-the-us.html)

""A study last month said that Ozempic could be manufactured for less than $5 a month.""

""Sanders noted that Novo Nordisk charges far less for the same drugs in other countries. The company “charges $969 in the United States for one month of Ozempic but just $155 in Canada and just $59 in Germany.""


**EDITED TO ADD:** ""Unlike other nations, the U.S. lets manufacturers of drugs and biologics set whatever price they choose. For drugs with market exclusivity and without therapeutic alternatives, **the dearth of competition and the pervasiveness of insurance mean that lowering U.S. prices significantly requires government intervention**.Aug 30, 2021""

""Except for unbranded generics, manufacturer gross drug prices in the **United States** were substantially higher than those in other countries. Across all drugs, U.S. prices were 278 percent of other countries' prices.  [**Feb 1, 2024**](https://www.rand.org/pubs/research_reports/RRA788-3.html)""",2024-08-27,NVO,True,0
2024-04-29 23:31:32,news,1cgb3wx,"In unrelated news, Eli Lilly raised the price of the cancer drug the guy takes to 1.4 billion dollars per month",2024-04-29,LLY,True,0
2024-10-22 05:20:17,news,1g98oc9,"I felt a great disturbance in the Force, as if millions of fake Chinese Amazon accounts suddenly cried out in terror and were suddenly silenced.",2024-10-22,AMZN,True,-2
2024-02-28 16:21:59,news,1b28k2b,"“Wendy’s said that its digital menu boards “could allow us to change the menu offerings at different times of day”
is that not exactly what surge pricing is?",2024-02-28,WEN,True,0
2025-01-02 15:56:53,news,1hrvi67,It's wrong to suggest that elon musk is personally responsible for the terroristic attack that took place at Las Vegas even though ONE HUNDRED PERCENT of vehicles that have spontaneously exploded outside Trump-branded properties this year have been CyberTrucks.,2025-01-02,TSLA,True,-2
2025-01-21 18:58:25,news,1i6ootr,Isn't this exactly what Elon was supposed to stop?  Did Elon take the day off?,2025-01-21,TSLA,True,0
2024-10-15 14:29:47,news,1g46ivx,"I read, weeks ago, that the problem stems from the Boeing-McDonald Douglas (correction: I said, Lockheed) merger, decades ago. Boeing was a company, run by engineers and focused  on quality  engineering and best-of-breed products; McDonald Douglas was focused primarily on shareholder performance. Lockheed won. Boeing has been reduced to minimal product at maximum shareholder profit. Anecdotal, in this post, but, so far, true.

Edit: Thank you for the correction; it was McDonald Douglas, not Lockheed. I appreciate the correction.",2024-10-15,BA,True,0
2024-02-19 17:00:23,news,1auqq65,"I expect nothing less when I enter a Wal Mart, a Waffle House or a Wawa.",2024-02-19,WMT,True,0
2024-07-31 15:49:19,news,1egnnre,"Starbucks are being successfully boycotted by people who hate their stance on Israel. And their bottom line shows it. Sure, it may also be insane pricing but it's at least part of it.

McDonalds, too.

Not sure what the agenda is here casting it as ""oh, it's just expensive"" but no.

https://theintercept.com/2024/07/30/boycotts-israel-starbucks-mcdonalds-sales/

So yeah... join in. Boycott these fuckers. They have it coming for so many reasons.",2024-07-31,SBUX,True,-2
2024-11-26 14:36:02,news,1h0c0of,"In a world of Musks, Bezos and Ellis’es, be a Buffet.",2024-11-26,BRK.A,True,0
2024-02-27 18:39:40,news,1b1huwt,Surge?  I've never seen a Wendy's near me with more than two cars in line at a time.,2024-02-27,WEN,True,0
2024-04-19 14:55:24,news,1c7w6zk,Not a good week for Tesla,2024-04-19,TSLA,True,-2
2024-09-09 15:39:30,news,1fcpntb,"Big lots had some great deals when I was a young single mother 20 years ago. Went into one 2 or so years ago and it was like walking into a flea market. Full of junk, some looking like it had gotten used at some point, disorganized and in disarray. This is not at all surprising.",2024-09-09,BIG,True,-1
2024-02-08 18:29:36,news,1am13ld,"Cartoon villainy.

“Monsanto, along with the chemical giant BASF, introduced new formulations of dicamba herbicides they said would not be as volatile, and they encouraged farmers to buy Monsanto’s newly created dicamba-tolerant crops. Farmers buying the specialized seeds could spray dicamba on fields while the crops were growing, killing the weeds, but not the precious commodities.
Dicamba-resistant crops have been planted on as many as 65m acres, the EPA estimated, an area larger than the state of Oregon.”",2024-02-08,MON,True,0
2024-10-22 14:23:01,news,1g9gtkl,I seriously want to know who the fuck is still buying any GM product every single thing they make is ASS,2024-10-22,GM,True,-2
2024-01-30 15:17:30,news,1aepg0y,"> For the last three months of 2023, UPS reported net income of $1.61 billion, or $1.87 per share, compared with $3.45 billion, or $3.96 per share, a year earlier.

Damn, down ~50% YOY is a steep drop. There's definitely other factors at play but I wonder how much of this is due to Amazon eating the market and shipping their own packages.",2024-01-30,UPS,True,0
2024-02-27 18:39:40,news,1b1huwt,"And Wendy’s can go on a list of companies that can fuck right off for good. “Yeah we’re making money but we’re not making ENOUGH money so let’s pass that on to our customers along with our recycled chili”

Fuck these people.",2024-02-27,WEN,True,-2
2024-05-09 13:36:23,news,1cnv35f,This is an employee of SpiritAerosystems,2024-05-09,SPR,True,0
2024-05-09 13:36:23,news,1cnv35f,Why won't Boeing just quit? Their product is inferior.,2024-05-09,BA,True,-2
2024-04-24 19:25:43,news,1cc430y,"Meanwhile in Canada, still a fu from Air Canada",2024-04-24,AC,True,0
2024-08-27 15:55:28,news,1f2hocq,"The funniest thing  is - reducing hunger reflex is just a side effect. It's also a huge strain on pancreas - it's recommended for t2d patients, when it forces pancreas to make more insulin. Officially one percent of patients will have pancreatitis - however if we take only t2d patients or patients with hyperinsulinism - that percentage is much higher. Recently it was proved that semaglutide can cause depression or deepen depression symptoms, to the point where antidepressants are ineffective. And again - it happens mostly in diabetes and hyperinsulinism patients.

Source: my medical history, two endocrinologists, and research you can find when you Google ozempic and pancreatitis.",2024-08-27,OZempic,True,-1
2024-05-16 16:55:10,news,1cteumy,Another idea Panera has to scratch out.,2024-05-16,PNRA,True,-1
2024-07-03 19:57:45,news,1duks1u,"Every day the “both sides are the same” people from 2016 look even dumber. Dobbs, the Chevron case, Presidential Immunity. Kagan (Obama), Sotomayer (Obama), and Jackson (Biden) could have help upholding people’s rights. Instead they are helpless.

Keep that in mind when you’re saying moderate leffists “aren’t real democrats” or that progressives “are radicals”. We’re a coalition, let’s act like one. ",2024-07-03,CVX,True,-2
2024-09-03 04:54:48,news,1f7ph7r,"Does this man really think that Twitter is the only way people have to communicate over the internet?

What a weird stance. Him being involved with Starlink is becoming a dangerous notion.",2024-09-03,TSLA,True,-1
2024-12-08 02:18:56,news,1h97fqj,"I'm thinking the NYPD police union doesn't have garbage United Healthcare ""insurance"".",2024-12-08,UNH,True,-1
2024-11-18 11:36:49,news,1gu1w72,"I remember when that judge blocked the buyout by JetBlue. I called it a stupid decision then, and this confirms what I expected would happen. The anti-trust authorities wrote about preserving consumer choice, keeping prices competitive, but anyone who looked at the financials of Spirit Airlines could see it was teetering on the edge in a very difficult industry. Letting JetBlue takeover could have been an opportunity to create a force that compete with the airline giants.

Categorically rejecting all M&A is dumb policy. It isn't pro consumer, pro business. It's just pro incumbent! There's a difference between JetBlue buying Spirit and say Costco buying Walmart or Pfizer buying Merck. Certain industries are by design meant to have only a few companies in the space by their nature, and hamstringing the weaker ones by preventing buyouts just reinforces the winners.",2024-11-18,JBLU,True,-1
2025-01-14 23:02:55,news,1i1hs2b,"I think a big part of the issue is the Tiktok ban seems very nationalistic and fear mongering. Meta,Twitter, and so many other companies in the US are harvesting huge amounts of data on US citizens.

Allstate just got fined for spying on peoples driving habits using data from other apps like Gas Buddy when deciding your rates or if they should cancel your policy.

Instead of a nationwide data privacy law better to just play on the fears of China spying on the US and ban the app.

The argument that tiktok could be used to influence American citizens or how people vote might have been a more believable reason to ban it before Musk bought twitter and has used it to heavily push propaganda and disinformation world wide.",2025-01-14,META,True,-1
2024-02-26 18:13:52,news,1b0mu4n,"100% for stopping this, but can the FTC also start going after existing monopolies and not just block mergers? Amazon owns basically the entire publishing industry, a stupidly high proportion of the country’s servers through AWS, and also has a monopoly on online shopping (it even owns Etsy, which I used to use cuz I hated buying stuff on Amazon). These suits to block mergers are great and I want to see them continue but Christ we should really start dealing with some of the existing ones sooner or later. Amazon, Microsoft, and Apple aren’t becoming less monopolistic",2024-02-26,AMZN,True,0
2024-08-21 00:14:18,news,1ex8ozi,"I’ll have you know that 95% of all Harley’s sold are still on the road!!!

.

.

.

The other 5% made it home!",2024-08-21,HOG,True,0
2024-12-24 13:39:04,news,1hlcpuy,AA gets worse every year. Canceled my rewards card with them and stopped flying them whenever possible.,2024-12-24,AA,True,-2
2024-01-30 15:17:30,news,1aepg0y,I tried to ship something with UPS late last year and it cost triple that USPS quoted me for a later delivery time.,2024-01-30,UPS,True,-1
2024-05-13 16:51:35,news,1cr18d4,"List of airlines from the article to avoid spending money with:


American Airlines (AAL.O)


Delta Air Lines (DAL.N)


United Airlines (UAL.O)


JetBlue Airways (JBLU.O)


Hawaiian Airlines (HA.O)


Alaska Airlines (ALK.N)",2024-05-13,AAL,True,0
2025-01-21 15:27:01,news,1i6jqux,Yeah you guys are f*cked. Be ready for 20 years of the Elon and Donald Show.,2025-01-21,TSLA,True,-2
2024-06-27 13:46:29,news,1dppawb,"The Walgreens near me feels closed already. It has usually about 3 workers. Empty shelves and feels depressing to work at and shop at. The one near my mom's, about 20 minutes away, feels the complete opposite. Very interesting how the difference in quality.",2024-06-27,WBA,True,-2
